{
  "project_info": {
    "project_number": "614837886771",
    "project_id": "restaurant-table-booking-a8157",
    "storage_bucket": "restaurant-table-booking-a8157.appspot.com"
  },
  "client": [
    {
      "client_info": {
        "mobilesdk_app_id": "1:614837886771:android:beaa13cb8c37e4960d6846",
        "android_client_info": {
          "package_name": "com.example.tablebook"
        }
      },
      "oauth_client": [
        {
          "client_id": "614837886771-ifannt6i9alrlrvp2hup5ua2eiua95oi.apps.googleusercontent.com",
          "client_type": 3
        }
      ],
      "api_key": [
        {
          "current_key": "AIzaSyBQ7PzIalWDlEmOzERGxUiKnceOTuKv1ts"
        }
      ],
      "services": {
        "appinvite_service": {
          "other_platform_oauth_client": [
            {
              "client_id": "614837886771-ifannt6i9alrlrvp2hup5ua2eiua95oi.apps.googleusercontent.com",
              "client_type": 3
            }
          ]
        }
      }
    }
  ],
  "configuration_version": "1"
}